{"id":"test","mapName":"Test","lobbyLocation":{"x":0.46634610684124506,"y":46.0,"z":0.6137381329213889,"yaw":-179.69998,"pitch":0.749985},"spectatorLocation":{"x":0.46634610684124506,"y":46.0,"z":0.6137381329213889,"yaw":-179.69998,"pitch":0.749985},"spawnPoints":[{"x":35.5983267870242,"y":55.0,"z":-18.502925952243718,"yaw":-94.49991,"pitch":90.0},{"x":19.522191967432708,"y":55.0,"z":-34.575305350310025,"yaw":127.80008,"pitch":64.20002}],"chestPoints":[{"x":20.423054129037713,"y":40.0,"z":-31.50921944639034,"yaw":170.85005,"pitch":-16.950022},{"x":34.72783086104339,"y":40.0,"z":-15.472054793537632,"yaw":173.99988,"pitch":-2.2500305}],"advancedChestPoints":[{"x":5.009192764544355,"y":35.0,"z":2.699999988079071,"yaw":174.75008,"pitch":0.1499544},{"x":-3.0271849245103764,"y":35.0,"z":-2.557092761673801,"yaw":-92.099976,"pitch":-2.2947788E-5}]}